set	num	name	原因
AC1a	161/158	木木梟	無官方id
AC1a	162/158	投羽梟	無官方id
AC1a	163/158	膽小蟲	無官方id
AC1a	164/158	樹才怪	無官方id
AC1a	165/158	索羅亞	無官方id
AC1a	166/158	智揮猩	無官方id
AC1a	167/158	屬性：空	無官方id
AC1a	168/158	狙射樹梟GX	無官方id
AC1a	169/158	具甲武者GX	無官方id
AC1a	170/158	噴火龍GX	無官方id
AC1a	171/158	鳳王GX	無官方id
AC1a	172/158	爆焰龜獸GX	無官方id
AC1a	173/158	電束木GX	無官方id
AC1a	174/158	鬃岩狼人GX	無官方id
AC1a	175/158	爆肌蚊GX	無官方id
AC1a	176/158	月亮伊布GX	無官方id
AC1a	177/158	達克萊伊GX	無官方id
AC1a	178/158	索羅亞克GX	無官方id
AC1a	179/158	惡食大王GX	無官方id
AC1a	180/158	銀伴戰獸GX	無官方id
AC1a	181/158	卡璞・哞哞GX	無官方id
AC1a	182/158	卡璞・鳴鳴GX	無官方id
AC1b	160/158	阿羅拉 六尾	無官方id
AC1b	161/158	飯匙蛇	無官方id
AC1b	162/158	鐵啞鈴	無官方id
AC1b	163/158	金屬怪	無官方id
AC1b	164/158	拉魯拉絲	無官方id
AC1b	165/158	奇魯莉安	無官方id
AC1b	166/158	蒂安希	無官方id
AC1b	167/158	伊布	無官方id
AC1b	168/158	嗡蝠	無官方id
AC1b	169/158	阿羅拉 九尾GX	無官方id
AC1b	170/158	超夢GX	無官方id
AC1b	171/158	太陽伊布GX	無官方id
AC1b	172/158	虛吾伊德GX	無官方id
AC1b	173/158	巨金怪GX	無官方id
AC1b	174/158	紙御劍GX	無官方id
AC1b	175/158	沙奈朵GX	無官方id
AC1b	176/158	仙子伊布GX	無官方id
AC1b	177/158	音波龍GX	無官方id
AC1b	178/158	老翁龍GX	無官方id
AC1b	179/158	卡璞・鰭鰭GX	無官方id
AC1b	180/158	卡璞・蝶蝶GX	無官方id
AC1b	181/158	露奈雅拉GX	無官方id
AC1b	182/158	索爾迦雷歐GX	無官方id
AC2a	203/200	費洛美螂	無官方id
AC2a	204/200	怨影娃娃	無官方id
AC2a	205/200	好啦魷	無官方id
AC2a	206/200	烏賊王	無官方id
AC2a	207/200	毒貝比	無官方id
AC2a	208/200	利歐路	無官方id
AC2a	209/200	路卡利歐	無官方id
AC2a	210/200	岩狗狗	無官方id
AC2a	211/200	爆肌蚊	無官方id
AC2a	212/200	惡食大王	無官方id
AC2a	213/200	七夕青鳥	無官方id
AC2a	214/200	圓陸鯊	無官方id
AC2a	215/200	尖牙陸鯊	無官方id
AC2a	216/200	烈咬陸鯊	無官方id
AC2a	217/200	青綿鳥	無官方id
AC2a	218/200	葉伊布GX	無官方id
AC2a	219/200	詛咒娃娃GX	無官方id
AC2a	220/200	四顎針龍GX	無官方id
AC2a	221/200	路卡利歐GX	無官方id
AC2a	222/200	基格爾德GX	無官方id
AC2a	223/200	鬃岩狼人GX	無官方id
AC2a	224/200	七夕青鳥GX	無官方id
AC2a	225/200	露奈雅拉GX	無官方id
AC2a	226/150	究極奈克洛茲瑪GX	無官方id
AC2b	203/200	飛天螳螂	無官方id
AC2b	204/200	小火龍	無官方id
AC2b	205/200	火恐龍	無官方id
AC2b	206/200	烏波	無官方id
AC2b	207/200	沼王	無官方id
AC2b	208/200	呱呱泡蛙	無官方id
AC2b	209/200	呱頭蛙	無官方id
AC2b	210/200	霹靂電球	無官方id
AC2b	211/200	電束木	無官方id
AC2b	212/200	小磁怪	無官方id
AC2b	213/200	三合一磁怪	無官方id
AC2b	214/200	自爆磁怪	無官方id
AC2b	215/200	鐵火輝夜	無官方id
AC2b	216/200	紙御劍	無官方id
AC2b	217/200	萊希拉姆GX	無官方id
AC2b	218/200	急凍鳥GX	無官方id
AC2b	219/200	冰伊布GX	無官方id
AC2b	220/200	甲賀忍蛙GX	無官方id
AC2b	221/200	頑皮雷彈GX	無官方id
AC2b	222/200	巨鉗螳螂GX	無官方id
AC2b	223/200	壘磊石GX	無官方id
AC2b	224/200	烈空坐GX	無官方id
AC2b	225/200	索爾迦雷歐GX	無官方id
AS5a	185/184	時拉比&妙蛙花GX	無官方id
AS5a	186/184	時拉比&妙蛙花GX	無官方id
AS5a	187/184	費洛美螂&爆肌蚊GX	無官方id
AS5a	188/184	費洛美螂&爆肌蚊GX	無官方id
AS5a	189/184	摩魯蛾GX	無官方id
AS5a	190/184	鯉魚王&吼鯨王GX	無官方id
AS5a	191/184	鯉魚王&吼鯨王GX	無官方id
AS5a	192/184	水箭龜GX	無官方id
AS5a	193/184	皮卡丘&捷克羅姆GX	無官方id
AS5a	194/184	皮卡丘&捷克羅姆GX	無官方id
AS5a	195/184	雷丘&阿羅拉 雷丘GX	無官方id
AS5a	196/184	雷丘&阿羅拉 雷丘GX	無官方id
AS5a	197/184	咚咚鼠GX	無官方id
AS5a	198/184	甲賀忍蛙&索羅亞克GX	無官方id
AS5a	199/184	甲賀忍蛙&索羅亞克GX	無官方id
AS5a	200/184	烏鴉頭頭GX	無官方id
AS5a	201/184	拉帝亞斯&拉帝歐斯GX	無官方id
AS5a	202/184	拉帝亞斯&拉帝歐斯GX	無官方id
AS5a	203/184	伊布&卡比獸GX	無官方id
AS5a	204/184	伊布&卡比獸GX	無官方id
AS5a	211/184	時拉比&妙蛙花GX	無官方id
AS5a	212/184	費洛美螂&爆肌蚊GX	無官方id
AS5a	213/184	摩魯蛾GX	無官方id
AS5a	214/184	鯉魚王&吼鯨王GX	無官方id
AS5a	215/184	水箭龜GX	無官方id
AS5a	216/184	皮卡丘&捷克羅姆GX	無官方id
AS5a	217/184	雷丘&阿羅拉 雷丘GX	無官方id
AS5a	218/184	咚咚鼠GX	無官方id
AS5a	219/184	甲賀忍蛙&索羅亞克GX	無官方id
AS5a	220/184	烏鴉頭頭GX	無官方id
AS5a	221/184	拉帝亞斯&拉帝歐斯GX	無官方id
AS5a	222/184	伊布&卡比獸GX	無官方id
AS5b	187/186	萊希拉姆&噴火龍GX	無官方id
AS5b	188/186	萊希拉姆&噴火龍GX	無官方id
AS5b	189/186	席多藍恩GX	無官方id
AS5b	190/186	臭臭泥&阿羅拉 臭臭泥GX	無官方id
AS5b	191/186	臭臭泥&阿羅拉 臭臭泥GX	無官方id
AS5b	192/186	耿鬼&謎擬QGX	無官方id
AS5b	193/186	耿鬼&謎擬QGX	無官方id
AS5b	194/186	瑪夏多&怪力GX	無官方id
AS5b	195/186	瑪夏多&怪力GX	無官方id
AS5b	196/186	路卡利歐&美錄梅塔GX	無官方id
AS5b	197/186	路卡利歐&美錄梅塔GX	無官方id
AS5b	198/186	大嘴娃GX	無官方id
AS5b	199/186	沙奈朵&仙子伊布GX	無官方id
AS5b	200/186	沙奈朵&仙子伊布GX	無官方id
AS5b	201/186	風妖精GX	無官方id
AS5b	202/186	烈咬陸鯊&騎拉帝納GX	無官方id
AS5b	203/186	烈咬陸鯊&騎拉帝納GX	無官方id
AS5b	204/186	貓老大GX	無官方id
AS5b	205/186	鐵火輝夜GX	無官方id
AS5b	212/186	萊希拉姆&噴火龍GX	無官方id
AS5b	213/186	席多藍恩GX	無官方id
AS5b	214/186	臭臭泥&阿羅拉 臭臭泥GX	無官方id
AS5b	215/186	耿鬼&謎擬QGX	無官方id
AS5b	216/186	瑪夏多&怪力GX	無官方id
AS5b	217/186	路卡利歐&美錄梅塔GX	無官方id
AS5b	218/186	大嘴娃GX	無官方id
AS5b	219/186	沙奈朵&仙子伊布GX	無官方id
AS5b	220/186	風妖精GX	無官方id
AS5b	221/186	烈咬陸鯊&騎拉帝納GX	無官方id
AS5b	222/186	貓老大GX	無官方id
AS5b	223/186	鐵火輝夜GX	無官方id
AS6a	197/196	瑪狃拉	無官方id
AS6a	198/196	瓦斯彈	無官方id
AS6a	199/196	艾路雷朵	無官方id
AS6a	200/196	謎擬Q	無官方id
AS6a	201/196	長毛狗	無官方id
AS6a	202/196	妙蛙花&藤藤蛇GX	無官方id
AS6a	203/196	妙蛙花&藤藤蛇GX	無官方id
AS6a	204/196	木木梟&阿羅拉 椰蛋樹GX	無官方id
AS6a	205/196	木木梟&阿羅拉 椰蛋樹GX	無官方id
AS6a	206/196	霸王花GX	無官方id
AS6a	207/196	超夢&夢幻GX	無官方id
AS6a	208/196	超夢&夢幻GX	無官方id
AS6a	209/196	朽木妖&黑夜魔靈GX	無官方id
AS6a	210/196	朽木妖&黑夜魔靈GX	無官方id
AS6a	211/196	索爾迦雷歐&露奈雅拉GX	無官方id
AS6a	212/196	拉帝歐斯GX	無官方id
AS6a	213/196	花舞鳥GX	無官方id
AS6a	214/196	超級勾魂眼&班基拉斯GX	無官方id
AS6a	215/196	超級勾魂眼&班基拉斯GX	無官方id
AS6a	216/196	阿羅拉 貓老大GX	無官方id
AS6a	217/196	波克比&皮寶寶&寶寶丁GX	無官方id
AS6a	218/196	波克比&皮寶寶&寶寶丁GX	無官方id
AS6a	219/196	四顎針龍&惡食大王GX	無官方id
AS6a	220/196	四顎針龍&惡食大王GX	無官方id
AS6a	221/196	四顎針龍GX	無官方id
AS6a	232/196	妙蛙花&藤藤蛇GX	無官方id
AS6a	233/196	木木梟&阿羅拉 椰蛋樹GX	無官方id
AS6a	234/196	霸王花GX	無官方id
AS6a	235/196	超夢&夢幻GX	無官方id
AS6a	236/196	朽木妖&黑夜魔靈GX	無官方id
AS6a	237/196	索爾迦雷歐&露奈雅拉GX	無官方id
AS6a	238/196	拉帝歐斯GX	無官方id
AS6a	239/196	花舞鳥GX	無官方id
AS6a	240/196	超級勾魂眼&班基拉斯GX	無官方id
AS6a	241/196	阿羅拉 貓老大GX	無官方id
AS6a	242/196	波克比&皮寶寶&寶寶丁GX	無官方id
AS6a	243/196	四顎針龍&惡食大王GX	無官方id
AS6a	244/196	四顎針龍GX	無官方id
AS6a	245/196	偉大捕捉器	無官方id
AS6a	246/196	貴重球	無官方id
AS6a	247/196	莉莉艾的皮皮玩偶	無官方id
AS6a	248/196	巨型炸彈	無官方id
AS6a	249/196	常青森林	無官方id
AS6a	250/196	無人發電廠	無官方id
AS6a	251/196	弱點防守能量	無官方id
AS6a	252/196	抽出能量	無官方id
AS6b	195/194	煤炭龜	無官方id
AS6b	196/194	波加曼	無官方id
AS6b	197/194	弱丁魚	無官方id
AS6b	198/194	皮卡丘	無官方id
AS6b	199/194	小磁怪	無官方id
AS6b	200/194	龍頭地鼠	無官方id
AS6b	201/194	大鋼蛇	無官方id
AS6b	202/194	噴火龍&長尾火狐GX	無官方id
AS6b	203/194	噴火龍&長尾火狐GX	無官方id
AS6b	204/194	火神蛾GX	無官方id
AS6b	205/194	水箭龜&波加曼GX	無官方id
AS6b	206/194	水箭龜&波加曼GX	無官方id
AS6b	207/194	呆呆獸&可達鴨GX	無官方id
AS6b	208/194	呆呆獸&可達鴨GX	無官方id
AS6b	209/194	凱路迪歐GX	無官方id
AS6b	210/194	弱丁魚GX	無官方id
AS6b	211/194	化石翼龍GX	無官方id
AS6b	212/194	沙漠蜻蜓GX	無官方id
AS6b	213/194	阿爾宙斯&帝牙盧卡&帕路奇亞GX	無官方id
AS6b	214/194	阿爾宙斯&帝牙盧卡&帕路奇亞GX	無官方id
AS6b	215/194	萊希拉姆&捷克羅姆GX	無官方id
AS6b	216/194	快龍GX	無官方id
AS6b	217/194	超級長耳兔&胖丁GX	無官方id
AS6b	218/194	超級長耳兔&胖丁GX	無官方id
AS6b	219/194	火焰鳥&閃電鳥&急凍鳥GX	無官方id
AS6b	220/194	火焰鳥&閃電鳥&急凍鳥GX	無官方id
AS6b	221/194	銀伴戰獸GX	無官方id
AS6b	232/194	噴火龍&長尾火狐GX	無官方id
AS6b	233/194	火神蛾GX	無官方id
AS6b	234/194	水箭龜&波加曼GX	無官方id
AS6b	235/194	呆呆獸&可達鴨GX	無官方id
AS6b	236/194	凱路迪歐GX	無官方id
AS6b	237/194	弱丁魚GX	無官方id
AS6b	238/194	化石翼龍GX	無官方id
AS6b	239/194	沙漠蜻蜓GX	無官方id
AS6b	240/194	阿爾宙斯&帝牙盧卡&帕路奇亞GX	無官方id
AS6b	241/194	萊希拉姆&捷克羅姆GX	無官方id
AS6b	242/194	快龍GX	無官方id
AS6b	243/194	超級長耳兔&胖丁GX	無官方id
AS6b	244/194	火焰鳥&閃電鳥&急凍鳥GX	無官方id
AS6b	245/194	銀伴戰獸GX	無官方id
M-P	039/M-P	萊希拉姆ex	無官方id
M-P	041/M-P	捷克羅姆ex	無官方id
M-P	173/M-P	妙蛙種子	無官方id
M-P	174/M-P	小火龍	無官方id
M-P	175/M-P	傑尼龜	無官方id
M-P	176/M-P	菊草葉	無官方id
M-P	177/M-P	火球鼠	無官方id
M-P	178/M-P	小鋸鱷	無官方id
M-P	179/M-P	木守宮	無官方id
M-P	180/M-P	火稚雞	無官方id
M-P	181/M-P	水躍魚	無官方id
M-P	182/M-P	草苗龜	無官方id
M-P	183/M-P	小火焰猴	無官方id
M-P	184/M-P	波加曼	無官方id
M-P	185/M-P	藤藤蛇	無官方id
M-P	186/M-P	暖暖豬	無官方id
M-P	187/M-P	水水獺	無官方id
M-P	188/M-P	哈力栗	無官方id
M-P	189/M-P	火狐狸	無官方id
M-P	190/M-P	呱呱泡蛙	無官方id
M-P	191/M-P	木木梟	無官方id
M-P	192/M-P	火斑喵	無官方id
M-P	193/M-P	球球海獅	無官方id
M-P	194/M-P	敲音猴	無官方id
M-P	195/M-P	炎兔兒	無官方id
M-P	196/M-P	淚眼蜥	無官方id
M-P	197/M-P	新葉喵	無官方id
M-P	198/M-P	呆火鱷	無官方id
M-P	199/M-P	潤水鴨	無官方id
M-P	200/M-P	皮卡丘ex	無官方id
M-P	201/M-P	皮卡丘ex	無官方id
M-P	216/M-P	Pokémon RUN的皮卡丘	無官方id
M-P	219/M-P	謝米	無官方id
M-P	223/M-P	猛攻手鐲	無官方id
M-P	224/M-P	花舞鳥ex	無官方id
M-P	225/M-P	老大的指令 烏羽	無官方id
M-P	226/M-P	喵喵ex	無官方id
S-P	001/S-P	敲音猴	無官方id
S-P	002/S-P	轟擂金剛猩V	無官方id
S-P	003/S-P	炎兔兒	無官方id
S-P	004/S-P	閃焰王牌	無官方id
S-P	005/S-P	閃焰王牌V	無官方id
S-P	006/S-P	淚眼蜥	無官方id
S-P	007/S-P	千面避役V	無官方id
S-P	008/S-P	皮卡丘	無官方id
S-P	009/S-P	莫魯貝可	無官方id
S-P	010/S-P	巨炭山	無官方id
S-P	011/S-P	伽勒爾 喵頭目	無官方id
S-P	012/S-P	奇諾栗鼠	無官方id
S-P	013/S-P	狙射樹梟	無官方id
S-P	014/S-P	雷鳥海獸	無官方id
S-P	015/S-P	大顎蟻	無官方id
S-P	016/S-P	三首惡龍	無官方id
S-P	017/S-P	狐大盜	無官方id
S-P	018/S-P	無極汰那V	無官方id
S-P	019/S-P	巨鉗螳螂V	無官方id
S-P	020/S-P	銅象	無官方id
S-P	021/S-P	袋獸	無官方id
S-P	022/S-P	暴飛龍V	無官方id
S-P	023/S-P	茂詩	無官方id
S-P	024/S-P	道館訓練家	無官方id
S-P	025/S-P	皮卡丘	無官方id
S-P	026/S-P	莫魯貝可	無官方id
S-P	027/S-P	伊布	無官方id
S-P	028/S-P	以歐路普V	無官方id
S-P	029/S-P	小火龍	無官方id
S-P	030/S-P	皮卡丘V	無官方id
S-P	031/S-P	雷伊布	無官方id
S-P	032/S-P	夢妖魔	無官方id
S-P	033/S-P	布莉姆溫V	無官方id
S-P	034/S-P	小小象	無官方id
S-P	035/S-P	混混鱷	無官方id
S-P	036/S-P	伊布	無官方id
S-P	037/S-P	愛管侍	無官方id
S-P	038/S-P	索德與西爾迪	無官方id
S-P	039/S-P	娜姿&哈奇庫	無官方id
S-P	040/S-P	先機球	無官方id
S-P	041/S-P	敲音猴	無官方id
S-P	042/S-P	炎兔兒	無官方id
S-P	043/S-P	閃焰王牌V	無官方id
S-P	044/S-P	淚眼蜥	無官方id
S-P	045/S-P	皮卡丘	無官方id
S-P	046/S-P	叉字蝠V	無官方id
S-P	047/S-P	先機球	無官方id
S-P	048/S-P	可爾妮的氣勢	無官方id
S-P	049/S-P	希巴	無官方id
S-P	050/S-P	博士的研究 木蘭博士	無官方id
S-P	051/S-P	老大的指令 阪木	無官方id
S-P	052/S-P	瑪俐	無官方id
S-P	053/S-P	芳香草能量	無官方id
S-P	054/S-P	高溫火能量	無官方id
S-P	055/S-P	清洗水能量	無官方id
S-P	056/S-P	高速雷能量	無官方id
S-P	057/S-P	恐怖超能量	無官方id
S-P	058/S-P	岩石鬥能量	無官方id
S-P	059/S-P	潛行惡能量	無官方id
S-P	060/S-P	塗層鋼能量	無官方id
S-P	061/S-P	強力無色能量	無官方id
S-P	062/S-P	皮卡丘VMAX	無官方id
S-P	063/S-P	噴火龍	無官方id
S-P	084/S-P	索妮亞	無官方id
S-P	100/S-P	彩豆	無官方id
S-P	101/S-P	博士的研究 紅豆杉博士	無官方id
S-P	110/S-P	嘉德麗雅	無官方id
S-P	114/S-P	太陽伊布VMAX	無官方id
S-P	115/S-P	道館訓練家	無官方id
S-P	127/S-P	小菊兒的璀璨	無官方id
S-P	157/S-P	波加曼	無官方id
S-P	162/S-P	木木梟	無官方id
S-P	163/S-P	火球鼠	無官方id
S-P	164/S-P	水水獺	無官方id
S-P	165/S-P	高級球	無官方id
S-P	194/S-P	木木梟	無官方id
S-P	195/S-P	火球鼠	無官方id
S-P	196/S-P	水水獺	無官方id
S-P	201/S-P	皮卡丘	無官方id
S10D	068/067	洗翠 裙兒小姐V	無官方id
S10D	069/067	洗翠 裙兒小姐V	無官方id
S10D	070/067	倫琴貓V	無官方id
S10D	071/067	基拉祈V	無官方id
S10D	072/067	怪力V	無官方id
S10D	073/067	怪力V	無官方id
S10D	074/067	起源帝牙盧卡V	無官方id
S10D	075/067	起源帝牙盧卡V	無官方id
S10D	076/067	詭角鹿V	無官方id
S10D	077/067	菜種的活力	無官方id
S10D	078/067	剛石	無官方id
S10D	079/067	貝裏菈	無官方id
S10D	080/067	洗翠 裙兒小姐VSTAR	無官方id
S10D	081/067	怪力VMAX	無官方id
S10D	082/067	起源帝牙盧卡VSTAR	無官方id
S10D	083/067	菜種的活力	無官方id
S10D	084/067	剛石	無官方id
S10D	085/067	貝裏菈	無官方id
S10D	086/067	起源帝牙盧卡VSTAR	無官方id
S10D	087/067	健行鞋	無官方id
S10D	088/067	通頂雪道	無官方id
S10P	068/067	大針蜂V	無官方id
S10P	069/067	大針蜂V	無官方id
S10P	070/067	起源帕路奇亞V	無官方id
S10P	071/067	起源帕路奇亞V	無官方id
S10P	072/067	席多藍恩V	無官方id
S10P	073/067	劈斧螳螂V	無官方id
S10P	074/067	洗翠 大狃拉V	無官方id
S10P	075/067	洗翠 大狃拉V	無官方id
S10P	076/067	智揮猩V	無官方id
S10P	077/067	曉白	無官方id
S10P	078/067	查克洛	無官方id
S10P	079/067	珠貝	無官方id
S10P	080/067	席多藍恩VMAX	無官方id
S10P	081/067	起源帕路奇亞VSTAR	無官方id
S10P	082/067	劈斧螳螂VSTAR	無官方id
S10P	083/067	曉白	無官方id
S10P	084/067	查克洛	無官方id
S10P	085/067	珠貝	無官方id
S10P	086/067	起源帕路奇亞VSTAR	無官方id
S10P	087/067	神奧神殿	無官方id
S10P	088/067	雙重渦輪能量	無官方id
S10a	072/071	派拉斯特	無官方id
S10a	073/071	皮卡丘	無官方id
S10a	074/071	耿鬼	無官方id
S10a	075/071	洗翠 風速狗	無官方id
S10a	076/071	花岩怪	無官方id
S10a	077/071	卡比獸	無官方id
S10a	078/071	洗翠 頑皮雷彈V	無官方id
S10a	079/071	自爆磁怪V	無官方id
S10a	080/071	眷戀雲V	無官方id
S10a	081/071	艾路雷朵V	無官方id
S10a	082/071	洗翠 黏美龍V	無官方id
S10a	083/071	洗翠 索羅亞克V	無官方id
S10a	084/071	火夏	無官方id
S10a	085/071	野賊三姐妹	無官方id
S10a	086/071	阿芒	無官方id
S10a	087/071	望羅	無官方id
S10a	088/071	眷戀雲V	無官方id
S10a	089/071	艾路雷朵V	無官方id
S10a	090/071	自爆磁怪VSTAR	無官方id
S10a	091/071	洗翠 黏美龍VSTAR	無官方id
S10a	092/071	洗翠 索羅亞克VSTAR	無官方id
S10a	093/071	火夏	無官方id
S10a	094/071	野賊三姐妹	無官方id
S10a	095/071	阿芒	無官方id
S10a	096/071	望羅	無官方id
S10a	097/071	洗翠 索羅亞克VSTAR	無官方id
S10a	098/071	暗黑修正檔	無官方id
S10a	099/071	災禍箱	無官方id
S10b	072/071	阿羅拉 椰蛋樹V	無官方id
S10b	073/071	超夢V	無官方id
S10b	074/071	超夢V	無官方id
S10b	075/071	修建老匠V	無官方id
S10b	076/071	修建老匠V	無官方id
S10b	077/071	美錄梅塔V	無官方id
S10b	078/071	請假王V	無官方id
S10b	084/071	超夢VSTAR	無官方id
S10b	085/071	美錄梅塔VMAX	無官方id
S10b	086/071	快龍VSTAR	無官方id
S10b	091/071	超夢VSTAR	無官方id
S11	101/100	妖火紅狐V	無官方id
S11	102/100	酋雷姆V	無官方id
S11	103/100	洛托姆V	無官方id
S11	104/100	洛托姆V	無官方id
S11	105/100	化石翼龍V	無官方id
S11	106/100	化石翼龍V	無官方id
S11	107/100	龍王蠍V	無官方id
S11	108/100	伽勒爾 喵頭目V	無官方id
S11	109/100	伽勒爾 喵頭目V	無官方id
S11	110/100	騎拉帝納V	無官方id
S11	111/100	騎拉帝納V	無官方id
S11	112/100	大比鳥V	無官方id
S11	113/100	梅麗莎	無官方id
S11	114/100	捩木	無官方id
S11	115/100	千金小姐	無官方id
S11	116/100	阿克羅瑪的實驗	無官方id
S11	117/100	酋雷姆VMAX	無官方id
S11	118/100	化石翼龍VSTAR	無官方id
S11	119/100	龍王蠍VSTAR	無官方id
S11	120/100	騎拉帝納VSTAR	無官方id
S11	121/100	梅麗莎	無官方id
S11	122/100	捩木	無官方id
S11	123/100	千金小姐	無官方id
S11	124/100	阿克羅瑪的實驗	無官方id
S11	125/100	騎拉帝納VSTAR	無官方id
S11	126/100	放逐吸塵器	無官方id
S11	127/100	崩塌的競技場	無官方id
S11a	069/068	長尾火狐	無官方id
S11a	070/068	美納斯	無官方id
S11a	071/068	迷唇姐	無官方id
S11a	072/068	沙奈朵	無官方id
S11a	073/068	圖圖犬	無官方id
S11a	074/068	七夕青鳥	無官方id
S11a	075/068	君主蛇V	無官方id
S11a	076/068	萊希拉姆V	無官方id
S11a	077/068	阿羅拉 六尾V	無官方id
S11a	078/068	大嘴娃V	無官方id
S11a	079/068	瑪機雅娜V	無官方id
S11a	080/068	鳳王V	無官方id
S11a	081/068	長袖和服少女	無官方id
S11a	082/068	莎莉娜	無官方id
S11a	083/068	米可利	無官方id
S11a	084/068	君主蛇V	無官方id
S11a	085/068	大嘴娃V	無官方id
S11a	086/068	君主蛇VSTAR	無官方id
S11a	087/068	阿羅拉 六尾VSTAR	無官方id
S11a	088/068	大嘴娃VSTAR	無官方id
S11a	089/068	長袖和服少女	無官方id
S11a	090/068	莎莉娜	無官方id
S11a	091/068	米可利	無官方id
S11a	092/068	君主蛇VSTAR	無官方id
S11a	093/068	雙重渦輪能量	無官方id
S11a	094/068	V防守能量	無官方id
S12	115/098	雷吉艾勒奇VMAX	無官方id
S12	116/098	未知圖騰VSTAR	無官方id
S12	117/098	雷吉鐸拉戈VSTAR	無官方id
S12	118/098	洛奇亞VSTAR	無官方id
S12	119/098	神代	無官方id
S12	120/098	阿渡	無官方id
S12	121/098	小菘	無官方id
S12	122/098	工人	無官方id
S12	123/098	洛奇亞VSTAR	無官方id
S12	124/098	葉隱披風	無官方id
S12	125/098	大嘴沼澤	無官方id
S12a	259/172	起源帕路奇亞VSTAR	無官方id
S12a	260/172	起源帝牙盧卡VSTAR	無官方id
S12a	261/172	騎拉帝納VSTAR	無官方id
S12a	262/172	阿爾宙斯VSTAR	無官方id
S4	101/100	以歐路普V	無官方id
S4	102/100	烈箭鷹V	無官方id
S4	103/100	伽勒爾 達摩狒狒V	無官方id
S4	104/100	皮卡丘V	無官方id
S4	105/100	胡地V	無官方id
S4	106/100	伽勒爾 蔥遊兵V	無官方id
S4	107/100	龍王蠍V	無官方id
S4	108/100	堅盾劍怪V	無官方id
S4	109/100	丹帝	無官方id
S4	110/100	露璃娜	無官方id
S4	111/100	彩豆	無官方id
S4	112/100	以歐路普VMAX	無官方id
S4	113/100	伽勒爾 達摩狒狒VMAX	無官方id
S4	114/100	皮卡丘VMAX	無官方id
S4	115/100	堅盾劍怪VMAX	無官方id
S4	116/100	丹帝	無官方id
S4	117/100	露璃娜	無官方id
S4	118/100	彩豆	無官方id
S4	119/100	伽勒爾 堵攔熊	無官方id
S4	120/100	望遠鏡	無官方id
S4	121/100	回憶膠囊	無官方id
S4a	191/190	茂詩	無官方id
S4a	192/190	道館訓練家	無官方id
S4a	193/190	養鳥人	無官方id
S4a	194/190	聶梓	無官方id
S4a	195/190	風露	無官方id
S4a	196/190	阿球	無官方id
S4a	197/190	寶可夢小朋友	無官方id
S4a	198/190	瑪俐	無官方id
S4a	199/190	洛茲	無官方id
S4a	200/190	木木梟	無官方id
S4a	201/190	投羽梟	無官方id
S4a	202/190	狙射樹梟	無官方id
S4a	203/190	敲音猴	無官方id
S4a	204/190	啪咚猴	無官方id
S4a	205/190	轟擂金剛猩	無官方id
S4a	206/190	索偵蟲	無官方id
S4a	207/190	天罩蟲	無官方id
S4a	208/190	以歐路普	無官方id
S4a	209/190	幼棉棉	無官方id
S4a	210/190	白蓬蓬	無官方id
S4a	211/190	啃果蟲	無官方id
S4a	212/190	蘋裹龍	無官方id
S4a	213/190	豐蜜龍	無官方id
S4a	214/190	炎兔兒	無官方id
S4a	215/190	騰蹴小將	無官方id
S4a	216/190	閃焰王牌	無官方id
S4a	217/190	燒火蚣	無官方id
S4a	218/190	焚焰蚣	無官方id
S4a	219/190	伽勒爾 魔牆人偶	無官方id
S4a	220/190	伽勒爾 踏冰人偶	無官方id
S4a	221/190	水君	無官方id
S4a	222/190	伽勒爾 火紅不倒翁	無官方id
S4a	223/190	伽勒爾 達摩狒狒	無官方id
S4a	224/190	淚眼蜥	無官方id
S4a	225/190	變澀蜥	無官方id
S4a	226/190	千面避役	無官方id
S4a	227/190	咬咬龜	無官方id
S4a	228/190	暴噬龜	無官方id
S4a	229/190	古月鳥	無官方id
S4a	230/190	刺梭魚	無官方id
S4a	231/190	戽斗尖梭	無官方id
S4a	232/190	雪吞蟲	無官方id
S4a	233/190	雪絨蛾	無官方id
S4a	234/190	冰砌鵝	無官方id
S4a	235/190	鰓魚龍	無官方id
S4a	236/190	鰓魚海獸	無官方id
S4a	237/190	洛托姆	無官方id
S4a	238/190	來電汪	無官方id
S4a	239/190	逐電犬	無官方id
S4a	240/190	毒電嬰	無官方id
S4a	241/190	顫弦蠑螈	無官方id
S4a	242/190	啪嚓海膽	無官方id
S4a	243/190	莫魯貝可	無官方id
S4a	244/190	雷鳥龍	無官方id
S4a	245/190	雷鳥海獸	無官方id
S4a	246/190	伽勒爾 小火馬	無官方id
S4a	247/190	伽勒爾 烈焰馬	無官方id
S4a	248/190	伽勒爾 太陽珊瑚	無官方id
S4a	249/190	伽勒爾 魔靈珊瑚	無官方id
S4a	250/190	咚咚鼠	無官方id
S4a	251/190	來悲茶	無官方id
S4a	252/190	怖思壺	無官方id
S4a	253/190	迷布莉姆	無官方id
S4a	254/190	提布莉姆	無官方id
S4a	255/190	布莉姆溫	無官方id
S4a	256/190	小仙奶	無官方id
S4a	257/190	霜奶仙	無官方id
S4a	258/190	愛管侍	無官方id
S4a	259/190	多龍梅西亞	無官方id
S4a	260/190	多龍奇	無官方id
S4a	261/190	多龍巴魯托	無官方id
S4a	262/190	伽勒爾 大蔥鴨	無官方id
S4a	263/190	伽勒爾 蔥遊兵	無官方id
S4a	264/190	伽勒爾 哭哭面具	無官方id
S4a	265/190	伽勒爾 死神板	無官方id
S4a	266/190	小炭仔	無官方id
S4a	267/190	大炭車	無官方id
S4a	268/190	巨炭山	無官方id
S4a	269/190	沙包蛇	無官方id
S4a	270/190	沙螺蟒	無官方id
S4a	271/190	拳拳蛸	無官方id
S4a	272/190	八爪武師	無官方id
S4a	273/190	列陣兵	無官方id
S4a	274/190	巨石丁	無官方id
S4a	275/190	瓦斯彈	無官方id
S4a	276/190	伽勒爾 雙彈瓦斯	無官方id
S4a	277/190	伽勒爾 蛇紋熊	無官方id
S4a	278/190	伽勒爾 直衝熊	無官方id
S4a	279/190	伽勒爾 堵攔熊	無官方id
S4a	280/190	偷兒狐	無官方id
S4a	281/190	狐大盜	無官方id
S4a	282/190	搗蛋小妖	無官方id
S4a	283/190	詐唬魔	無官方id
S4a	284/190	長毛巨魔	無官方id
S4a	285/190	伽勒爾 喵喵	無官方id
S4a	286/190	伽勒爾 喵頭目	無官方id
S4a	287/190	伽勒爾 泥巴魚	無官方id
S4a	288/190	鋼鎧鴉	無官方id
S4a	289/190	銅象	無官方id
S4a	290/190	大王銅象	無官方id
S4a	291/190	鋁鋼龍	無官方id
S4a	292/190	泡沫栗鼠	無官方id
S4a	293/190	奇諾栗鼠	無官方id
S4a	294/190	鴨寶寶	無官方id
S4a	295/190	舞天鵝	無官方id
S4a	296/190	掘掘兔	無官方id
S4a	297/190	智揮猩	無官方id
S4a	298/190	貪心栗鼠	無官方id
S4a	299/190	藏飽栗鼠	無官方id
S4a	300/190	稚山雀	無官方id
S4a	301/190	藍鴉	無官方id
S4a	302/190	毛辮羊	無官方id
S4a	303/190	毛毛角羊	無官方id
S4a	304/190	轟擂金剛猩V	無官方id
S4a	305/190	轟擂金剛猩VMAX	無官方id
S4a	306/190	白蓬蓬V	無官方id
S4a	307/190	噴火龍V	無官方id
S4a	308/190	噴火龍VMAX	無官方id
S4a	309/190	焚焰蚣V	無官方id
S4a	310/190	焚焰蚣VMAX	無官方id
S4a	311/190	拉普拉斯V	無官方id
S4a	312/190	拉普拉斯VMAX	無官方id
S4a	313/190	逐電犬V	無官方id
S4a	314/190	顫弦蠑螈V	無官方id
S4a	315/190	顫弦蠑螈VMAX	無官方id
S4a	316/190	愛管侍V	無官方id
S4a	317/190	多龍巴魯托V	無官方id
S4a	318/190	多龍巴魯托VMAX	無官方id
S4a	319/190	列陣兵V	無官方id
S4a	320/190	叉字蝠VMAX	無官方id
S4a	321/190	長毛巨魔V	無官方id
S4a	322/190	長毛巨魔VMAX	無官方id
S4a	323/190	百變怪V	無官方id
S4a	324/190	百變怪VMAX	無官方id
S4a	325/190	毛毛角羊V	無官方id
S4a	326/190	古月鳥V	無官方id
S4a	327/190	無極汰那V	無官方id
S4a	328/190	無極汰那VMAX	無官方id
S4a	329/190	蒼響V	無官方id
S4a	330/190	藏瑪然特V	無官方id
S5I	071/070	蘋裹龍V	無官方id
S5I	072/070	卡璞・鳴鳴V	無官方id
S5I	073/070	謎擬QV	無官方id
S5I	074/070	一擊武道熊師V	無官方id
S5I	075/070	一擊武道熊師V	無官方id
S5I	076/070	班基拉斯V	無官方id
S5I	077/070	班基拉斯V	無官方id
S5I	078/070	長毛狗V	無官方id
S5I	079/070	馬士德 一擊流	無官方id
S5I	080/070	希巴	無官方id
S5I	081/070	芙蓉	無官方id
S5I	082/070	蘋裹龍VMAX	無官方id
S5I	083/070	卡璞・鳴鳴VMAX	無官方id
S5I	084/070	一擊武道熊師VMAX	無官方id
S5I	085/070	一擊武道熊師VMAX	無官方id
S5I	086/070	馬士德 一擊流	無官方id
S5I	087/070	希巴	無官方id
S5I	088/070	芙蓉	無官方id
S5I	089/070	黑魯加	無官方id
S5I	090/070	學習裝置	無官方id
S5I	091/070	一擊能量	無官方id
S5R	071/070	音箱蟀V	無官方id
S5R	072/070	比克提尼V	無官方id
S5R	073/070	帝王拿波V	無官方id
S5R	074/070	帝王拿波V	無官方id
S5R	075/070	奈克洛茲瑪V	無官方id
S5R	076/070	連擊武道熊師V	無官方id
S5R	077/070	連擊武道熊師V	無官方id
S5R	078/070	鋼鎧鴉V	無官方id
S5R	079/070	馬士德 連擊流	無官方id
S5R	080/070	芽米	無官方id
S5R	081/070	可爾妮的氣勢	無官方id
S5R	082/070	比克提尼VMAX	無官方id
S5R	083/070	連擊武道熊師VMAX	無官方id
S5R	084/070	連擊武道熊師VMAX	無官方id
S5R	085/070	鋼鎧鴉VMAX	無官方id
S5R	086/070	馬士德 連擊流	無官方id
S5R	087/070	芽米	無官方id
S5R	088/070	可爾妮的氣勢	無官方id
S5R	089/070	章魚桶	無官方id
S5R	090/070	等級球	無官方id
S5R	091/070	連擊能量	無官方id
S5a	071/070	火焰雞V	無官方id
S5a	072/070	雷鳥龍V	無官方id
S5a	073/070	伽勒爾 急凍鳥V	無官方id
S5a	074/070	伽勒爾 急凍鳥V	無官方id
S5a	075/070	伽勒爾 閃電鳥V	無官方id
S5a	076/070	伽勒爾 閃電鳥V	無官方id
S5a	077/070	伽勒爾 火焰鳥V	無官方id
S5a	078/070	伽勒爾 火焰鳥V	無官方id
S5a	079/070	伽勒爾 呆呆王V	無官方id
S5a	080/070	伽勒爾 呆呆王V	無官方id
S5a	081/070	克拉拉	無官方id
S5a	082/070	賽寶利	無官方id
S5a	083/070	藤樹	無官方id
S5a	084/070	梨花的信念	無官方id
S5a	085/070	火焰雞VMAX	無官方id
S5a	086/070	火焰雞VMAX	無官方id
S5a	087/070	雷鳥龍VMAX	無官方id
S5a	088/070	伽勒爾 呆呆王VMAX	無官方id
S5a	089/070	克拉拉	無官方id
S5a	090/070	賽寶利	無官方id
S5a	091/070	藤樹	無官方id
S5a	092/070	梨花的信念	無官方id
S5a	093/070	卡比獸	無官方id
S5a	094/070	潮漩之扇	無官方id
S5a	095/070	活力之壺	無官方id
S5a	096/070	基本鬥能量	無官方id
S6H	071/070	波爾凱尼恩V	無官方id
S6H	072/070	白馬蕾冠王V	無官方id
S6H	073/070	白馬蕾冠王V	無官方id
S6H	074/070	伽勒爾 烈焰馬V	無官方id
S6H	075/070	伽勒爾 烈焰馬V	無官方id
S6H	076/070	沙螺蟒V	無官方id
S6H	077/070	酷豹V	無官方id
S6H	078/070	龍捲雲V	無官方id
S6H	079/070	龍捲雲V	無官方id
S6H	080/070	亞莎	無官方id
S6H	081/070	美蓉	無官方id
S6H	082/070	醫生	無官方id
S6H	083/070	皮歐尼	無官方id
S6H	084/070	白馬蕾冠王VMAX	無官方id
S6H	085/070	白馬蕾冠王VMAX	無官方id
S6H	086/070	沙螺蟒VMAX	無官方id
S6H	087/070	龍捲雲VMAX	無官方id
S6H	088/070	亞莎	無官方id
S6H	089/070	美蓉	無官方id
S6H	090/070	醫生	無官方id
S6H	091/070	皮歐尼	無官方id
S6H	092/070	青銅鐘	無官方id
S6H	093/070	渡魂燈籠	無官方id
S6H	094/070	粗硬頭盔	無官方id
S6H	095/070	基本水能量	無官方id
S6K	071/070	時拉比V	無官方id
S6K	072/070	鰓魚海獸V	無官方id
S6K	073/070	捷拉奧拉V	無官方id
S6K	074/070	捷拉奧拉V	無官方id
S6K	075/070	黑馬蕾冠王V	無官方id
S6K	076/070	黑馬蕾冠王V	無官方id
S6K	077/070	巨金怪V	無官方id
S6K	078/070	幸福蛋V	無官方id
S6K	079/070	幸福蛋V	無官方id
S6K	080/070	菊子	無官方id
S6K	081/070	夏科婭	無官方id
S6K	082/070	志米	無官方id
S6K	083/070	嘉德麗雅	無官方id
S6K	084/070	時拉比VMAX	無官方id
S6K	085/070	黑馬蕾冠王VMAX	無官方id
S6K	086/070	黑馬蕾冠王VMAX	無官方id
S6K	087/070	巨金怪VMAX	無官方id
S6K	088/070	菊子	無官方id
S6K	089/070	夏科婭	無官方id
S6K	090/070	志米	無官方id
S6K	091/070	嘉德麗雅	無官方id
S6K	092/070	頑皮雷彈	無官方id
S6K	093/070	山谷回音喇叭	無官方id
S6K	094/070	霧之水晶	無官方id
S6K	095/070	基本超能量	無官方id
S6a	070/069	葉伊布V	無官方id
S6a	071/069	葉伊布V	無官方id
S6a	072/069	火伊布V	無官方id
S6a	073/069	火伊布V	無官方id
S6a	074/069	水伊布V	無官方id
S6a	075/069	水伊布V	無官方id
S6a	076/069	冰伊布V	無官方id
S6a	077/069	冰伊布V	無官方id
S6a	078/069	雷伊布V	無官方id
S6a	079/069	雷伊布V	無官方id
S6a	080/069	太陽伊布V	無官方id
S6a	081/069	太陽伊布V	無官方id
S6a	082/069	仙子伊布V	無官方id
S6a	083/069	仙子伊布V	無官方id
S6a	084/069	月亮伊布V	無官方id
S6a	085/069	月亮伊布V	無官方id
S6a	086/069	瑪瓜	無官方id
S6a	087/069	香氛姐姐	無官方id
S6a	088/069	葉伊布VMAX	無官方id
S6a	089/069	葉伊布VMAX	無官方id
S6a	090/069	冰伊布VMAX	無官方id
S6a	091/069	冰伊布VMAX	無官方id
S6a	092/069	仙子伊布VMAX	無官方id
S6a	093/069	仙子伊布VMAX	無官方id
S6a	094/069	月亮伊布VMAX	無官方id
S6a	095/069	月亮伊布VMAX	無官方id
S6a	096/069	瑪瓜	無官方id
S6a	097/069	香氛姐姐	無官方id
S6a	098/069	千面避役	無官方id
S6a	099/069	搖搖奶昔	無官方id
S6a	100/069	草路競技場	無官方id
S6a	101/069	基本惡能量	無官方id
S7D	068/067	水君V	無官方id
S7D	069/067	泥偶巨人V	無官方id
S7D	070/067	泥偶巨人V	無官方id
S7D	071/067	鬃岩狼人V	無官方id
S7D	072/067	灰塵山V	無官方id
S7D	073/067	音波龍V	無官方id
S7D	074/067	音波龍V	無官方id
S7D	075/067	鋁鋼龍V	無官方id
S7D	076/067	鋁鋼龍V	無官方id
S7D	077/067	奇巴納	無官方id
S7D	078/067	女學生	無官方id
S7D	079/067	模仿少女	無官方id
S7D	080/067	鬃岩狼人VMAX	無官方id
S7D	081/067	灰塵山VMAX	無官方id
S7D	082/067	鋁鋼龍VMAX	無官方id
S7D	083/067	鋁鋼龍VMAX	無官方id
S7D	084/067	奇巴納	無官方id
S7D	085/067	女學生	無官方id
S7D	086/067	模仿少女	無官方id
S7D	087/067	克雷色利亞	無官方id
S7D	088/067	全罩防守	無官方id
S7D	089/067	結晶洞窟	無官方id
S7D	090/067	基本鋼能量	無官方id
S7R	068/067	朽木妖V	無官方id
S7R	069/067	火神蛾V	無官方id
S7R	070/067	暴鯉龍V	無官方id
S7R	071/067	恰雷姆V	無官方id
S7R	072/067	恰雷姆V	無官方id
S7R	073/067	快龍V	無官方id
S7R	074/067	快龍V	無官方id
S7R	075/067	烈空坐V	無官方id
S7R	076/067	烈空坐V	無官方id
S7R	077/067	莎娜	無官方id
S7R	078/067	男學生	無官方id
S7R	079/067	希嘉娜的決心	無官方id
S7R	080/067	朽木妖VMAX	無官方id
S7R	081/067	暴鯉龍VMAX	無官方id
S7R	082/067	烈空坐VMAX	無官方id
S7R	083/067	烈空坐VMAX	無官方id
S7R	084/067	莎娜	無官方id
S7R	085/067	男學生	無官方id
S7R	086/067	希嘉娜的決心	無官方id
S7R	087/067	雪妖女	無官方id
S7R	088/067	玩具捕捉器	無官方id
S7R	089/067	暴風雨山脈	無官方id
S7R	090/067	基本雷能量	無官方id
S8	101/100	甜冷美后V	無官方id
S8	102/100	水晶燈火靈V	無官方id
S8	103/100	好勝毛蟹V	無官方id
S8	104/100	逐電犬V	無官方id
S8	105/100	夢幻V	無官方id
S8	106/100	夢幻V	無官方id
S8	107/100	胡帕V	無官方id
S8	108/100	蓋諾賽克特V	無官方id
S8	109/100	蓋諾賽克特V	無官方id
S8	110/100	藏飽栗鼠V	無官方id
S8	111/100	藏飽栗鼠V	無官方id
S8	112/100	花月	無官方id
S8	113/100	小菊兒的璀璨	無官方id
S8	114/100	伯特與天桐與寇恩	無官方id
S8	115/100	舞者	無官方id
S8	116/100	水晶燈火靈VMAX	無官方id
S8	117/100	逐電犬VMAX	無官方id
S8	118/100	夢幻VMAX	無官方id
S8	119/100	夢幻VMAX	無官方id
S8	120/100	藏飽栗鼠VMAX	無官方id
S8	121/100	花月	無官方id
S8	122/100	小菊兒的璀璨	無官方id
S8	123/100	伯特與天桐與寇恩	無官方id
S8	124/100	舞者	無官方id
S8	125/100	茸茸羊	無官方id
S8	126/100	強力糖錠	無官方id
S8	127/100	訓練場地	無官方id
S8	128/100	基本草能量	無官方id
S8	129/100	基本火能量	無官方id
S8a	029/028	博士的研究 大木博士	無官方id
S8a	030/028	夢幻	無官方id
S8b	185/184	暴雪王	無官方id
S8b	186/184	蘋裹龍	無官方id
S8b	187/184	噴火龍	無官方id
S8b	188/184	火伊布	無官方id
S8b	189/184	水伊布	無官方id
S8b	190/184	刺龍王	無官方id
S8b	191/184	章魚桶	無官方id
S8b	192/184	雪絨蛾	無官方id
S8b	193/184	雷伊布	無官方id
S8b	194/184	茸茸羊	無官方id
S8b	195/184	捷克羅姆	無官方id
S8b	196/184	沙奈朵	無官方id
S8b	197/184	詛咒娃娃	無官方id
S8b	198/184	黑夜魔靈	無官方id
S8b	199/184	烏賊王	無官方id
S8b	200/184	咚咚鼠	無官方id
S8b	201/184	霜奶仙	無官方id
S8b	202/184	岩狗狗	無官方id
S8b	203/184	投擲猴	無官方id
S8b	204/184	列陣兵	無官方id
S8b	205/184	阿利多斯	無官方id
S8b	206/184	黑魯加	無官方id
S8b	207/184	伽勒爾 堵攔熊	無官方id
S8b	208/184	青銅鐘	無官方id
S8b	209/184	赤面龍	無官方id
S8b	210/184	伊布	無官方id
S8b	211/184	飄浮泡泡	無官方id
S8b	212/184	智揮猩	無官方id
S8b	213/184	音箱蟀V	無官方id
S8b	214/184	以歐路普V	無官方id
S8b	215/184	以歐路普VMAX	無官方id
S8b	216/184	火焰雞V	無官方id
S8b	217/184	火焰雞VMAX	無官方id
S8b	218/184	焚焰蚣V	無官方id
S8b	219/184	焚焰蚣VMAX	無官方id
S8b	220/184	白馬蕾冠王V	無官方id
S8b	221/184	白馬蕾冠王VMAX	無官方id
S8b	222/184	皮卡丘V	無官方id
S8b	223/184	皮卡丘VMAX	無官方id
S8b	224/184	捷拉奧拉V	無官方id
S8b	225/184	逐電犬V	無官方id
S8b	226/184	莫魯貝可V-UNION	無官方id
S8b	227/184	莫魯貝可V-UNION	無官方id
S8b	228/184	莫魯貝可V-UNION	無官方id
S8b	229/184	莫魯貝可V-UNION	無官方id
S8b	230/184	伽勒爾 急凍鳥V	無官方id
S8b	231/184	仙子伊布V	無官方id
S8b	232/184	仙子伊布VMAX	無官方id
S8b	233/184	謎擬QV	無官方id
S8b	234/184	謎擬QVMAX	無官方id
S8b	235/184	黑馬蕾冠王V	無官方id
S8b	236/184	黑馬蕾冠王VMAX	無官方id
S8b	237/184	伽勒爾 閃電鳥V	無官方id
S8b	238/184	一擊武道熊師V	無官方id
S8b	239/184	一擊武道熊師VMAX	無官方id
S8b	240/184	連擊武道熊師V	無官方id
S8b	241/184	連擊武道熊師VMAX	無官方id
S8b	242/184	伽勒爾 火焰鳥V	無官方id
S8b	243/184	叉字蝠V	無官方id
S8b	244/184	月亮伊布V	無官方id
S8b	245/184	月亮伊布VMAX	無官方id
S8b	246/184	無極汰那V	無官方id
S8b	247/184	無極汰那VMAX	無官方id
S8b	248/184	鋼鎧鴉V	無官方id
S8b	249/184	鋼鎧鴉VMAX	無官方id
S8b	250/184	蒼響V	無官方id
S8b	251/184	藏瑪然特V	無官方id
S8b	252/184	烈空坐VMAX	無官方id
S8b	253/184	鋁鋼龍VMAX	無官方id
S8b	254/184	幸福蛋V	無官方id
S8b	255/184	阿塞蘿拉的預感	無官方id
S8b	256/184	歐尼奧	無官方id
S8b	257/184	卡蕪	無官方id
S8b	258/184	伽勒爾的夥伴	無官方id
S8b	259/184	奇巴納	無官方id
S8b	260/184	西餐廚師	無官方id
S8b	261/184	彩豆	無官方id
S8b	262/184	裁判	無官方id
S8b	263/184	索德與西爾迪	無官方id
S8b	264/184	聶梓	無官方id
S8b	265/184	芭內特博士	無官方id
S8b	266/184	博士的研究 紅豆杉博士	無官方id
S8b	267/184	冒險家的發現	無官方id
S8b	268/184	老大的指令 弗拉達利	無官方id
S8b	269/184	波普菈	無官方id
S8b	270/184	瑪瓜	無官方id
S8b	271/184	老闆	無官方id
S8b	272/184	馬士德 一擊流	無官方id
S8b	273/184	馬士德 連擊流	無官方id
S8b	274/184	美蓉	無官方id
S8b	275/184	亞洛	無官方id
S8b	276/184	小優	無官方id
S8b	277/184	露璃娜	無官方id
S8b	278/184	白馬蕾冠王VMAX	無官方id
S8b	279/184	皮卡丘VMAX	無官方id
S8b	280/184	夢幻VMAX	無官方id
S8b	281/184	黑馬蕾冠王VMAX	無官方id
S8b	282/184	一擊武道熊師VMAX	無官方id
S8b	283/184	連擊武道熊師VMAX	無官方id
S8b	284/184	烈空坐VMAX	無官方id
S8b	285/184	鋁鋼龍VMAX	無官方id
S9	101/100	謝米V	無官方id
S9	102/100	噴火龍V	無官方id
S9	103/100	噴火龍V	無官方id
S9	104/100	霓虹魚V	無官方id
S9	105/100	霓虹魚V	無官方id
S9	106/100	雷丘V	無官方id
S9	107/100	風妖精V	無官方id
S9	108/100	烏鴉頭頭V	無官方id
S9	109/100	烏鴉頭頭V	無官方id
S9	110/100	沙漠蜻蜓V	無官方id
S9	111/100	阿爾宙斯V	無官方id
S9	112/100	阿爾宙斯V	無官方id
S9	117/100	謝米VSTAR	無官方id
S9	118/100	噴火龍VSTAR	無官方id
S9	119/100	風妖精VSTAR	無官方id
S9	120/100	阿爾宙斯VSTAR	無官方id
S9	125/100	阿爾宙斯VSTAR	無官方id
S9a	068/067	羅絲雷朵	無官方id
S9a	069/067	水晶燈火靈	無官方id
S9a	070/067	詭角鹿	無官方id
S9a	071/067	劈斧螳螂	無官方id
S9a	072/067	大狼犬	無官方id
S9a	073/067	咕咕	無官方id
S9a	074/067	畢力吉翁V	無官方id
S9a	075/067	寶石海星V	無官方id
S9a	076/067	洗翠 火爆獸V	無官方id
S9a	077/067	洗翠 狙射樹梟V	無官方id
S9a	078/067	洗翠 大劍鬼V	無官方id
S9a	079/067	烈咬陸鯊V	無官方id
S9a	080/067	星月	無官方id
S9a	081/067	杜娟	無官方id
S9a	082/067	馬加木	無官方id
S9a	083/067	寶石海星V	無官方id
S9a	084/067	烈咬陸鯊V	無官方id
S9a	085/067	洗翠 火爆獸VSTAR	無官方id
S9a	086/067	洗翠 狙射樹梟VSTAR	無官方id
S9a	087/067	洗翠 大劍鬼VSTAR	無官方id
S9a	088/067	星月	無官方id
S9a	089/067	杜娟	無官方id
S9a	090/067	馬加木	無官方id
S9a	091/067	洗翠 大劍鬼VSTAR	無官方id
S9a	092/067	講究腰帶	無官方id
S9a	093/067	祝慶村	無官方id
SC1a	173/154	顫弦蠑螈VMAX	無官方id
SC1a	174/154	莫魯貝可VMAX	無官方id
SC1a	175/154	多龍巴魯托VMAX	無官方id
SC1a	176/154	巨石丁VMAX	無官方id
SC1a	177/154	大王銅象VMAX	無官方id
SC1a	182/154	伽勒爾 喵頭目	無官方id
SC1a	183/154	蒼響V	無官方id
SC1a	184/154	藏瑪然特V	無官方id
SC1b	172/153	轟擂金剛猩VMAX	無官方id
SC1b	173/153	閃焰王牌VMAX	無官方id
SC1b	174/153	拉普拉斯VMAX	無官方id
SC1b	175/153	千面避役VMAX	無官方id
SC1b	176/153	烏賊王VMAX	無官方id
SC1b	177/153	卡比獸VMAX	無官方id
SC1b	182/153	雪絨蛾	無官方id
SC2a	146/145	巴大蝶V	無官方id
SC2a	147/145	薩戮德V	無官方id
SC2a	148/145	暴噬龜V	無官方id
SC2a	149/145	沙奈朵V	無官方id
SC2a	150/145	伽勒爾 魔靈珊瑚V	無官方id
SC2a	151/145	霜奶仙V	無官方id
SC2a	152/145	叉字蝠V	無官方id
SC2a	153/145	無極汰那V	無官方id
SC2a	154/145	大姐姐	無官方id
SC2a	155/145	卡蕪	無官方id
SC2a	156/145	聶梓	無官方id
SC2a	157/145	波普菈	無官方id
SC2a	158/145	巴大蝶VMAX	無官方id
SC2a	159/145	暴噬龜VMAX	無官方id
SC2a	160/145	沙奈朵VMAX	無官方id
SC2a	161/145	霜奶仙VMAX	無官方id
SC2a	162/145	無極汰那VMAX	無官方id
SC2a	167/145	轟擂金剛猩	無官方id
SC2a	168/145	智揮猩	無官方id
SC2b	145/144	黑魯加V	無官方id
SC2b	146/144	焚焰蚣V	無官方id
SC2b	147/144	電龍V	無官方id
SC2b	148/144	鍬農炮蟲V	無官方id
SC2b	149/144	超甲狂犀V	無官方id
SC2b	150/144	巨炭山V	無官方id
SC2b	151/144	八爪武師V	無官方id
SC2b	152/144	大鋼蛇V	無官方id
SC2b	153/144	巨鉗螳螂V	無官方id
SC2b	154/144	伽勒爾 泥巴魚V	無官方id
SC2b	155/144	暴飛龍V	無官方id
SC2b	156/144	波克基斯V	無官方id
SC2b	160/144	焚焰蚣VMAX	無官方id
SC2b	161/144	巨炭山VMAX	無官方id
SC2b	162/144	巨鉗螳螂VMAX	無官方id
SC2b	163/144	暴飛龍VMAX	無官方id
SC2b	164/144	波克基斯VMAX	無官方id
SC2b	168/144	巨炭山	無官方id
SI	415/414	皮卡丘V	無官方id
SI	416/414	布魯皇V	無官方id
SI	417/414	藏瑪然特V	無官方id
SI	420/414	伽勒爾 急凍鳥V	無官方id
SI	421/414	伽勒爾 閃電鳥V	無官方id
SI	422/414	伽勒爾 火焰鳥V	無官方id
SM-P	001/SM-P	皮卡丘	無官方id
SM-P	002/SM-P	謎擬Q	無官方id
SM-P	003/SM-P	伊布	無官方id
SM-P	004/SM-P	甜冷美后	無官方id
SM-P	005/SM-P	鳳王GX	無官方id
SM-P	006/SM-P	鍬農炮蟲	無官方id
SM-P	007/SM-P	卡璞・鳴鳴GX	無官方id
SM-P	008/SM-P	破破舵輪	無官方id
SM-P	009/SM-P	瑪夏多	無官方id
SM-P	010/SM-P	爆肌蚊GX	無官方id
SM-P	011/SM-P	三首惡龍	無官方id
SM-P	012/SM-P	仙子伊布GX	無官方id
SM-P	013/SM-P	智揮猩	無官方id
SM-P	022/SM-P	葉伊布GX	無官方id
SM-P	023/SM-P	呆呆獸	無官方id
SM-P	024/SM-P	水君	無官方id
SM-P	025/SM-P	蓋歐卡	無官方id
SM-P	026/SM-P	冰伊布GX	無官方id
SM-P	027/SM-P	雷電獸	無官方id
SM-P	028/SM-P	騎拉帝納	無官方id
SM-P	029/SM-P	烏賊王	無官方id
SM-P	030/SM-P	奈克洛茲瑪 拂曉之翼GX	無官方id
SM-P	031/SM-P	瑪狃拉	無官方id
SM-P	032/SM-P	阿羅拉 地鼠	無官方id
SM-P	033/SM-P	卡璞・蝶蝶	無官方id
SM-P	034/SM-P	七夕青鳥	無官方id
SM-P	035/SM-P	究極奈克洛茲瑪GX	無官方id
SM-P	042/SM-P	基拉祈	無官方id
SM-P	043/SM-P	時拉比&妙蛙花GX	無官方id
SM-P	044/SM-P	噴火龍	無官方id
SM-P	045/SM-P	水晶燈火靈	無官方id
SM-P	046/SM-P	波爾凱尼恩	無官方id
SM-P	047/SM-P	水箭龜GX	無官方id
SM-P	048/SM-P	尼多后	無官方id
SM-P	049/SM-P	超夢	無官方id
SM-P	050/SM-P	瑪夏多	無官方id
SM-P	051/SM-P	瑪夏多&怪力GX	無官方id
SM-P	052/SM-P	壘磊石	無官方id
SM-P	053/SM-P	伊布&卡比獸GX	無官方id
SM-P	054/SM-P	貓老大	無官方id
SM-P	066/SM-P	水箭龜&波加曼GX	無官方id
SM-P	073/SM-P	快龍GX	無官方id
SM-P	074/SM-P	超級長耳兔&胖丁GX	無官方id
SM-P	092/SM-P	咚咚鼠GX	無官方id
SM-P	093/SM-P	卡璞・蝶蝶GX	無官方id
SM-P	094/SM-P	伊布GX	無官方id
SV-P	068/SV-P	妙蛙種子	無官方id
SV-P	069/SV-P	妙蛙草	無官方id
SV-P	070/SV-P	妙蛙花ex	無官方id
SV-P	071/SV-P	小火龍	無官方id
SV-P	072/SV-P	火恐龍	無官方id
SV-P	073/SV-P	噴火龍ex	無官方id
SV-P	074/SV-P	傑尼龜	無官方id
SV-P	075/SV-P	卡咪龜	無官方id
SV-P	076/SV-P	水箭龜ex	無官方id
SV-P	077/SV-P	噴火龍ex	無官方id
SV-P	094/SV-P	烈焰馬	無官方id
SV-P	095/SV-P	椰蛋樹	無官方id
SV-P	096/SV-P	熱帶龍	無官方id
SV-P	097/SV-P	甜竹竹	無官方id
SV-P	172/SV-P	皮卡丘	無官方id
SV-P	173/SV-P	阿羅拉 三地鼠	無官方id
SV-P	193/SV-P	伊布	無官方id
SV-P	194/SV-P	伊布	無官方id
SV-P	195/SV-P	水伊布	無官方id
SV-P	196/SV-P	雷伊布	無官方id
SV-P	197/SV-P	火伊布	無官方id
SV-P	198/SV-P	伊布	無官方id
SV-P	199/SV-P	葉伊布	無官方id
SV-P	200/SV-P	冰伊布	無官方id
SV-P	201/SV-P	太陽伊布	無官方id
SV-P	202/SV-P	月亮伊布	無官方id
SV-P	203/SV-P	仙子伊布	無官方id
SV-P	205/SV-P	莉莉艾的花療環環	無官方id
SV-P	206/SV-P	N的索羅亞	無官方id
SV-P	207/SV-P	鬃岩狼人	無官方id
SV-P	219/SV-P	火箭隊的喵喵	無官方id
SV-P	241/SV-P	索羅亞	無官方id
SV-P	248/SV-P	皮卡丘	無官方id